Channel;Impulses
0;19
1;19
2;20
3;21
4;21
5;22
6;23
7;23
8;24
9;24
10;25
11;25
12;25
13;25
14;25
15;25
16;25
17;25
18;25
19;25
20;26
21;26
22;26
23;27
24;27
25;27
26;28
27;28
28;28
29;28
30;28
31;28
32;28
33;28
34;28
35;28
36;28
37;28
38;28
39;29
40;31
41;33
42;38
43;47
44;58
45;74
46;94
47;120
48;150
49;185
50;225
51;273
52;323
53;375
54;429
55;486
56;543
57;598
58;651
59;702
60;748
61;791
62;824
63;856
64;884
65;906
66;920
67;936
68;946
69;953
70;957
71;963
72;966
73;970
74;971
75;974
76;974
77;980
78;979
79;982
80;984
81;986
82;985
83;988
84;990
85;992
86;992
87;994
88;995
89;996
90;997
91;1000
92;1000
93;1004
94;1002
95;1003
96;1004
97;1006
98;1004
99;1008
100;1009
101;1011
102;1010
103;1013
104;1016
105;1019
106;1022
107;1027
108;1030
109;1037
110;1038
111;1043
112;1047
113;1051
114;1052
115;1057
116;1059
117;1060
118;1058
119;1059
120;1059
121;1059
122;1057
123;1057
124;1055
125;1057
126;1051
127;1051
128;1051
129;1053
130;1051
131;1054
132;1058
133;1061
134;1062
135;1066
136;1069
137;1073
138;1076
139;1081
140;1084
141;1092
142;1093
143;1096
144;1098
145;1102
146;1103
147;1110
148;1114
149;1118
150;1120
151;1124
152;1127
153;1130
154;1132
155;1138
156;1139
157;1144
158;1142
159;1146
160;1148
161;1152
162;1151
163;1154
164;1157
165;1159
166;1159
167;1162
168;1163
169;1166
170;1166
171;1170
172;1171
173;1177
174;1177
175;1178
176;1180
177;1183
178;1183
179;1190
180;1194
181;1199
182;1200
183;1204
184;1209
185;1212
186;1215
187;1221
188;1224
189;1229
190;1228
191;1230
192;1231
193;1233
194;1229
195;1229
196;1230
197;1230
198;1228
199;1228
200;1228
201;1228
202;1228
203;1230
204;1230
205;1236
206;1235
207;1237
208;1239
209;1242
210;1242
211;1246
212;1249
213;1251
214;1250
215;1252
216;1254
217;1256
218;1257
219;1260
220;1261
221;1266
222;1263
223;1264
224;1266
225;1268
226;1268
227;1272
228;1275
229;1278
230;1281
231;1286
232;1290
233;1295
234;1301
235;1308
236;1315
237;1325
238;1330
239;1339
240;1348
241;1356
242;1362
243;1376
244;1386
245;1394
246;1400
247;1409
248;1418
249;1427
250;1435
251;1446
252;1455
253;1469
254;1473
255;1484
256;1496
257;1511
258;1519
259;1534
260;1549
261;1564
262;1577
263;1592
264;1604
265;1617
266;1629
267;1642
268;1651
269;1668
270;1674
271;1682
272;1688
273;1695
274;1696
275;1704
276;1708
277;1713
278;1714
279;1719
280;1724
281;1729
282;1733
283;1742
284;1745
285;1755
286;1755
287;1760
288;1764
289;1770
290;1769
291;1773
292;1775
293;1776
294;1771
295;1771
296;1767
297;1764
298;1758
299;1756
300;1748
301;1747
302;1736
303;1729
304;1720
305;1713
306;1703
307;1701
308;1695
309;1689
310;1679
311;1673
312;1664
313;1657
314;1648
315;1643
316;1634
317;1631
318;1616
319;1609
320;1600
321;1593
322;1579
323;1573
324;1565
325;1558
326;1548
327;1541
328;1532
329;1523
330;1514
331;1506
332;1495
333;1493
334;1482
335;1473
336;1463
337;1454
338;1440
339;1431
340;1422
341;1412
342;1400
343;1392
344;1383
345;1373
346;1363
347;1357
348;1349
349;1346
350;1337
351;1331
352;1325
353;1321
354;1315
355;1311
356;1308
357;1303
358;1296
359;1292
360;1288
361;1283
362;1278
363;1274
364;1267
365;1264
366;1255
367;1249
368;1243
369;1236
370;1227
371;1221
372;1214
373;1206
374;1196
375;1189
376;1183
377;1176
378;1169
379;1165
380;1159
381;1158
382;1150
383;1147
384;1145
385;1144
386;1141
387;1141
388;1141
389;1140
390;1139
391;1139
392;1139
393;1138
394;1138
395;1137
396;1134
397;1136
398;1132
399;1129
400;1125
401;1122
402;1117
403;1114
404;1110
405;1105
406;1099
407;1094
408;1088
409;1082
410;1078
411;1074
412;1069
413;1066
414;1059
415;1055
416;1052
417;1050
418;1046
419;1044
420;1042
421;1040
422;1037
423;1036
424;1034
425;1032
426;1030
427;1029
428;1027
429;1027
430;1025
431;1023
432;1020
433;1018
434;1016
435;1018
436;1018
437;1017
438;1014
439;1013
440;1011
441;1008
442;1006
443;1005
444;1002
445;1001
446;995
447;992
448;989
449;987
450;982
451;979
452;977
453;975
454;973
455;972
456;970
457;968
458;965
459;962
460;959
461;960
462;957
463;954
464;952
465;949
466;945
467;943
468;941
469;938
470;935
471;933
472;932
473;929
474;929
475;929
476;928
477;928
478;925
479;923
480;922
481;921
482;919
483;918
484;918
485;916
486;913
487;912
488;910
489;909
490;909
491;908
492;906
493;907
494;906
495;904
496;903
497;903
498;901
499;902
500;901
501;899
502;895
503;893
504;890
505;886
506;883
507;880
508;876
509;874
510;867
511;865
512;862
513;861
514;857
515;857
516;859
517;860
518;859
519;860
520;861
521;862
522;863
523;866
524;867
525;872
526;872
527;872
528;872
529;873
530;872
531;873
532;873
533;873
534;872
535;872
536;871
537;870
538;868
539;868
540;866
541;867
542;863
543;862
544;860
545;859
546;857
547;857
548;857
549;857
550;856
551;857
552;858
553;859
554;859
555;862
556;861
557;863
558;862
559;862
560;861
561;860
562;856
563;857
564;856
565;854
566;849
567;847
568;845
569;843
570;840
571;839
572;837
573;837
574;832
575;830
576;830
577;831
578;829
579;830
580;831
581;832
582;832
583;833
584;833
585;834
586;836
587;837
588;838
589;842
590;840
591;841
592;841
593;841
594;839
595;840
596;841
597;841
598;839
599;839
600;838
601;837
602;837
603;838
604;837
605;840
606;839
607;839
608;840
609;841
610;840
611;841
612;842
613;842
614;841
615;841
616;841
617;841
618;840
619;840
620;838
621;839
622;836
623;835
624;834
625;832
626;829
627;829
628;827
629;825
630;822
631;820
632;819
633;818
634;816
635;816
636;815
637;817
638;814
639;815
640;816
641;818
642;818
643;821
644;824
645;827
646;828
647;831
648;832
649;834
650;836
651;837
652;836
653;839
654;836
655;835
656;834
657;833
658;831
659;831
660;830
661;829
662;828
663;828
664;828
665;827
666;827
667;829
668;828
669;830
670;828
671;829
672;829
673;830
674;829
675;829
676;830
677;830
678;829
679;830
680;830
681;830
682;831
683;833
684;833
685;836
686;836
687;836
688;837
689;838
690;838
691;839
692;841
693;842
694;840
695;839
696;839
697;838
698;837
699;836
700;834
701;836
702;833
703;831
704;829
705;829
706;827
707;827
708;827
709;827
710;827
711;828
712;828
713;828
714;829
715;830
716;829
717;831
718;830
719;831
720;831
721;830
722;827
723;826
724;825
725;823
726;820
727;818
728;817
729;814
730;813
731;813
732;812
733;813
734;811
735;811
736;812
737;813
738;813
739;815
740;817
741;817
742;817
743;817
744;817
745;817
746;817
747;818
748;817
749;818
750;816
751;815
752;815
753;815
754;815
755;817
756;819
757;819
758;818
759;819
760;820
761;819
762;819
763;820
764;819
765;819
766;816
767;815
768;814
769;814
770;813
771;813
772;815
773;816
774;816
775;819
776;821
777;823
778;826
779;828
780;830
781;835
782;835
783;837
784;838
785;838
786;836
787;836
788;836
789;835
790;833
791;833
792;832
793;830
794;830
795;831
796;831
797;834
798;833
799;834
800;836
801;839
802;841
803;844
804;847
805;848
806;849
807;851
808;852
809;854
810;854
811;855
812;853
813;854
814;852
815;851
816;850
817;848
818;846
819;847
820;847
821;846
822;845
823;845
824;844
825;844
826;844
827;845
828;845
829;847
830;844
831;844
832;844
833;845
834;844
835;846
836;848
837;848
838;848
839;850
840;852
841;853
842;856
843;857
844;857
845;861
846;860
847;861
848;862
849;862
850;861
851;861
852;862
853;862
854;861
855;861
856;861
857;860
858;861
859;862
860;863
861;865
862;865
863;864
864;865
865;866
866;868
867;869
868;870
869;870
870;870
871;871
872;872
873;872
874;874
875;876
876;875
877;877
878;877
879;878
880;879
881;880
882;880
883;881
884;882
885;882
886;880
887;879
888;879
889;878
890;877
891;877
892;876
893;877
894;874
895;872
896;873
897;874
898;873
899;874
900;876
901;877
902;877
903;879
904;880
905;881
906;883
907;884
908;885
909;887
910;887
911;888
912;889
913;890
914;891
915;893
916;894
917;895
918;895
919;896
920;897
921;897
922;899
923;901
924;902
925;903
926;900
927;900
928;900
929;900
930;900
931;900
932;902
933;902
934;902
935;902
936;903
937;903
938;906
939;909
940;911
941;914
942;915
943;916
944;917
945;918
946;918
947;920
948;921
949;921
950;920
951;919
952;919
953;917
954;916
955;916
956;915
957;916
958;913
959;913
960;914
961;915
962;916
963;917
964;921
965;923
966;926
967;929
968;932
969;934
970;938
971;940
972;941
973;944
974;945
975;945
976;946
977;947
978;947
979;947
980;948
981;946
982;946
983;946
984;946
985;945
986;946
987;947
988;946
989;948
990;947
991;947
992;948
993;949
994;949
995;950
996;953
997;952
998;952
999;953
1000;954
1001;954
1002;955
1003;957
1004;957
1005;959
1006;959
1007;959
1008;960
1009;961
1010;961
1011;965
1012;967
1013;966
1014;964
1015;964
1016;963
1017;962
1018;961
1019;961
1020;959
1021;960
1022;955
1023;954
1024;955
1025;957
1026;955
1027;958
1028;963
1029;967
1030;969
1031;975
1032;980
1033;985
1034;990
1035;995
1036;998
1037;1006
1038;1006
1039;1008
1040;1008
1041;1010
1042;1007
1043;1009
1044;1010
1045;1010
1046;1007
1047;1008
1048;1008
1049;1008
1050;1009
1051;1013
1052;1012
1053;1016
1054;1014
1055;1014
1056;1015
1057;1018
1058;1017
1059;1019
1060;1020
1061;1020
1062;1018
1063;1020
1064;1020
1065;1021
1066;1021
1067;1023
1068;1022
1069;1026
1070;1025
1071;1027
1072;1027
1073;1028
1074;1027
1075;1031
1076;1034
1077;1035
1078;1033
1079;1035
1080;1035
1081;1035
1082;1034
1083;1036
1084;1036
1085;1039
1086;1034
1087;1032
1088;1032
1089;1033
1090;1029
1091;1031
1092;1031
1093;1032
1094;1029
1095;1030
1096;1029
1097;1030
1098;1031
1099;1033
1100;1032
1101;1037
1102;1034
1103;1036
1104;1036
1105;1038
1106;1036
1107;1038
1108;1039
1109;1039
1110;1037
1111;1038
1112;1039
1113;1038
1114;1038
1115;1040
1116;1039
1117;1044
1118;1041
1119;1042
1120;1042
1121;1043
1122;1042
1123;1044
1124;1045
1125;1045
1126;1043
1127;1044
1128;1043
1129;1043
1130;1042
1131;1043
1132;1042
1133;1044
1134;1040
1135;1041
1136;1040
1137;1040
1138;1037
1139;1037
1140;1036
1141;1034
1142;1027
1143;1024
1144;1020
1145;1016
1146;1011
1147;1008
1148;1002
1149;1001
1150;993
1151;989
1152;986
1153;985
1154;982
1155;982
1156;982
1157;983
1158;982
1159;984
1160;983
1161;984
1162;984
1163;985
1164;984
1165;987
1166;984
1167;982
1168;979
1169;977
1170;973
1171;972
1172;971
1173;969
1174;964
1175;961
1176;959
1177;956
1178;953
1179;952
1180;948
1181;947
1182;941
1183;938
1184;934
1185;932
1186;927
1187;923
1188;920
1189;917
1190;912
1191;909
1192;905
1193;901
1194;897
1195;896
1196;891
1197;891
1198;887
1199;884
1200;880
1201;877
1202;873
1203;871
1204;869
1205;867
1206;862
1207;859
1208;857
1209;853
1210;849
1211;846
1212;841
1213;839
1214;833
1215;829
1216;825
1217;823
1218;818
1219;816
1220;813
1221;811
1222;808
1223;807
1224;806
1225;804
1226;803
1227;802
1228;798
1229;799
1230;795
1231;793
1232;791
1233;788
1234;784
1235;783
1236;780
1237;776
1238;772
1239;769
1240;766
1241;762
1242;760
1243;759
1244;756
1245;756
1246;751
1247;749
1248;747
1249;747
1250;745
1251;745
1252;745
1253;744
1254;742
1255;743
1256;742
1257;742
1258;743
1259;744
1260;743
1261;745
1262;743
1263;742
1264;741
1265;740
1266;738
1267;738
1268;736
1269;734
1270;729
1271;727
1272;723
1273;720
1274;716
1275;714
1276;711
1277;710
1278;704
1279;701
1280;700
1281;699
1282;697
1283;698
1284;699
1285;700
1286;701
1287;703
1288;705
1289;707
1290;709
1291;711
1292;712
1293;716
1294;716
1295;717
1296;717
1297;716
1298;714
1299;714
1300;713
1301;711
1302;708
1303;707
1304;705
1305;703
1306;701
1307;701
1308;700
1309;701
1310;698
1311;697
1312;697
1313;698
1314;697
1315;698
1316;699
1317;700
1318;700
1319;702
1320;702
1321;704
1322;705
1323;708
1324;709
1325;712
1326;713
1327;715
1328;717
1329;719
1330;719
1331;723
1332;726
1333;728
1334;728
1335;729
1336;731
1337;732
1338;732
1339;734
1340;735
1341;738
1342;737
1343;737
1344;739
1345;742
1346;743
1347;746
1348;749
1349;752
1350;755
1351;759
1352;762
1353;766
1354;772
1355;776
1356;780
1357;787
1358;790
1359;795
1360;799
1361;803
1362;806
1363;810
1364;815
1365;818
1366;821
1367;824
1368;828
1369;831
1370;835
1371;839
1372;842
1373;848
1374;851
1375;854
1376;859
1377;864
1378;869
1379;875
1380;882
1381;887
1382;892
1383;898
1384;904
1385;911
1386;917
1387;925
1388;931
1389;939
1390;943
1391;950
1392;957
1393;964
1394;971
1395;978
1396;985
1397;992
1398;996
1399;1003
1400;1010
1401;1016
1402;1023
1403;1031
1404;1037
1405;1047
1406;1053
1407;1061
1408;1070
1409;1080
1410;1089
1411;1100
1412;1112
1413;1123
1414;1133
1415;1146
1416;1156
1417;1166
1418;1178
1419;1188
1420;1196
1421;1207
1422;1214
1423;1221
1424;1227
1425;1234
1426;1240
1427;1247
1428;1254
1429;1259
1430;1262
1431;1268
1432;1274
1433;1278
1434;1285
1435;1293
1436;1297
1437;1304
1438;1306
1439;1311
1440;1317
1441;1324
1442;1328
1443;1333
1444;1340
1445;1345
1446;1349
1447;1355
1448;1360
1449;1364
1450;1370
1451;1375
1452;1377
1453;1383
1454;1385
1455;1386
1456;1386
1457;1386
1458;1386
1459;1386
1460;1386
1461;1384
1462;1378
1463;1375
1464;1372
1465;1366
1466;1362
1467;1359
1468;1353
1469;1350
1470;1342
1471;1336
1472;1332
1473;1328
1474;1322
1475;1318
1476;1315
1477;1309
1478;1303
1479;1298
1480;1293
1481;1286
1482;1281
1483;1273
1484;1263
1485;1258
1486;1248
1487;1238
1488;1228
1489;1217
1490;1205
1491;1194
1492;1184
1493;1171
1494;1158
1495;1146
1496;1134
1497;1121
1498;1111
1499;1101
1500;1089
1501;1079
1502;1065
1503;1053
1504;1041
1505;1030
1506;1018
1507;1007
1508;998
1509;985
1510;973
1511;963
1512;953
1513;942
1514;932
1515;923
1516;912
1517;904
1518;893
1519;882
1520;872
1521;861
1522;849
1523;838
1524;828
1525;816
1526;802
1527;790
1528;779
1529;766
1530;755
1531;745
1532;734
1533;727
1534;716
1535;708
1536;702
1537;696
1538;690
1539;685
1540;682
1541;678
1542;674
1543;671
1544;667
1545;663
1546;660
1547;658
1548;653
1549;651
1550;646
1551;642
1552;638
1553;634
1554;630
1555;627
1556;624
1557;622
1558;618
1559;617
1560;616
1561;614
1562;614
1563;615
1564;615
1565;617
1566;616
1567;617
1568;619
1569;622
1570;625
1571;628
1572;632
1573;635
1574;637
1575;642
1576;646
1577;651
1578;656
1579;662
1580;666
1581;672
1582;676
1583;682
1584;687
1585;692
1586;697
1587;703
1588;709
1589;715
1590;718
1591;724
1592;730
1593;735
1594;741
1595;748
1596;754
1597;762
1598;766
1599;772
1600;779
1601;787
1602;794
1603;802
1604;810
1605;818
1606;826
1607;835
1608;844
1609;853
1610;863
1611;872
1612;879
1613;889
1614;895
1615;904
1616;912
1617;919
1618;924
1619;930
1620;937
1621;940
1622;943
1623;947
1624;950
1625;952
1626;955
1627;959
1628;960
1629;965
1630;966
1631;967
1632;971
1633;976
1634;980
1635;985
1636;991
1637;995
1638;998
1639;1004
1640;1009
1641;1013
1642;1018
1643;1023
1644;1026
1645;1031
1646;1033
1647;1035
1648;1038
1649;1040
1650;1039
1651;1040
1652;1040
1653;1038
1654;1033
1655;1029
1656;1026
1657;1021
1658;1017
1659;1012
1660;1006
1661;1003
1662;995
1663;989
1664;984
1665;981
1666;976
1667;972
1668;970
1669;967
1670;962
1671;960
1672;955
1673;952
1674;949
1675;946
1676;940
1677;938
1678;931
1679;925
1680;918
1681;911
1682;904
1683;897
1684;891
1685;882
1686;874
1687;866
1688;859
1689;850
1690;843
1691;836
1692;828
1693;820
1694;809
1695;800
1696;791
1697;783
1698;774
1699;764
1700;755
1701;745
1702;734
1703;724
1704;714
1705;704
1706;694
1707;684
1708;673
1709;664
1710;654
1711;644
1712;633
1713;623
1714;613
1715;604
1716;596
1717;587
1718;577
1719;569
1720;560
1721;550
1722;541
1723;533
1724;524
1725;516
1726;506
1727;497
1728;489
1729;481
1730;472
1731;462
1732;454
1733;445
1734;435
1735;427
1736;418
1737;409
1738;400
1739;391
1740;382
1741;375
1742;367
1743;359
1744;352
1745;345
1746;338
1747;332
1748;326
1749;320
1750;314
1751;309
1752;304
1753;298
1754;294
1755;289
1756;284
1757;280
1758;275
1759;270
1760;265
1761;261
1762;257
1763;252
1764;248
1765;243
1766;239
1767;234
1768;229
1769;225
1770;220
1771;217
1772;212
1773;209
1774;204
1775;200
1776;197
1777;193
1778;190
1779;187
1780;185
1781;182
1782;178
1783;176
1784;173
1785;170
1786;167
1787;164
1788;161
1789;159
1790;156
1791;153
1792;150
1793;147
1794;144
1795;141
1796;139
1797;137
1798;135
1799;133
1800;131
1801;129
1802;127
1803;126
1804;124
1805;123
1806;121
1807;119
1808;118
1809;116
1810;115
1811;113
1812;112
1813;111
1814;110
1815;109
1816;109
1817;108
1818;107
1819;107
1820;107
1821;107
1822;107
1823;107
1824;107
1825;107
1826;106
1827;106
1828;106
1829;105
1830;104
1831;104
1832;104
1833;103
1834;103
1835;102
1836;102
1837;101
1838;100
1839;100
1840;99
1841;99
1842;99
1843;98
1844;98
1845;97
1846;97
1847;96
1848;96
1849;96
1850;95
1851;95
1852;95
1853;96
1854;96
1855;96
1856;96
1857;97
1858;97
1859;98
1860;98
1861;98
1862;98
1863;98
1864;98
1865;98
1866;98
1867;97
1868;97
1869;96
1870;96
1871;95
1872;95
1873;94
1874;93
1875;93
1876;93
1877;92
1878;92
1879;92
1880;92
1881;92
1882;93
1883;93
1884;93
1885;94
1886;94
1887;94
1888;94
1889;93
1890;93
1891;93
1892;92
1893;92
1894;91
1895;90
1896;90
1897;89
1898;89
1899;88
1900;87
1901;87
1902;86
1903;86
1904;85
1905;85
1906;85
1907;85
1908;84
1909;84
1910;84
1911;83
1912;83
1913;83
1914;83
1915;83
1916;82
1917;82
1918;82
1919;83
1920;83
1921;84
1922;84
1923;85
1924;86
1925;87
1926;87
1927;88
1928;88
1929;88
1930;89
1931;88
1932;88
1933;88
1934;87
1935;87
1936;87
1937;86
1938;86
1939;85
1940;84
1941;84
1942;83
1943;83
1944;83
1945;83
1946;83
1947;82
1948;82
1949;82
1950;82
1951;82
1952;82
1953;82
1954;81
1955;81
1956;81
1957;81
1958;80
1959;80
1960;79
1961;79
1962;79
1963;79
1964;78
1965;78
1966;78
1967;78
1968;78
1969;78
1970;79
1971;79
1972;79
1973;79
1974;80
1975;80
1976;80
1977;80
1978;80
1979;80
1980;80
1981;80
1982;79
1983;79
1984;79
1985;79
1986;78
1987;78
1988;78
1989;77
1990;77
1991;76
1992;76
1993;76
1994;76
1995;75
1996;75
1997;74
1998;74
1999;73
2000;73
2001;73
2002;72
2003;72
2004;72
2005;72
2006;71
2007;71
2008;71
2009;71
2010;71
2011;71
2012;71
2013;71
2014;71
2015;71
2016;70
2017;70
2018;70
2019;70
2020;70
2021;70
2022;69
2023;69
2024;69
2025;68
2026;68
2027;68
2028;68
2029;68
2030;68
2031;68
2032;69
2033;69
2034;69
2035;70
2036;70
2037;70
2038;70
2039;70
2040;70
2041;70
2042;70
2043;69
2044;69
2045;68
2046;67
2047;67
2048;66
2049;66
2050;66
2051;66
2052;66
2053;66
2054;66
2055;67
2056;67
2057;67
2058;67
2059;68
2060;68
2061;68
2062;68
2063;68
2064;68
2065;67
2066;67
2067;67
2068;66
2069;66
2070;66
2071;65
2072;65
2073;65
2074;65
2075;65
2076;65
2077;65
2078;64
2079;64
2080;63
2081;63
2082;63
2083;63
2084;62
2085;62
2086;61
2087;61
2088;61
2089;60
2090;60
2091;61
2092;60
2093;61
2094;61
2095;61
2096;61
2097;61
2098;61
2099;62
2100;62
2101;62
2102;62
2103;62
2104;63
2105;62
2106;62
2107;62
2108;62
2109;62
2110;61
2111;61
2112;60
2113;60
2114;60
2115;59
2116;59
2117;59
2118;58
2119;58
2120;58
2121;58
2122;58
2123;58
2124;57
2125;57
2126;57
2127;57
2128;57
2129;57
2130;56
2131;56
2132;56
2133;57
2134;57
2135;57
2136;57
2137;57
2138;58
2139;58
2140;59
2141;59
2142;60
2143;60
2144;61
2145;61
2146;62
2147;62
2148;62
2149;62
2150;62
2151;62
2152;62
2153;62
2154;62
2155;61
2156;61
2157;60
2158;60
2159;59
2160;59
2161;58
2162;58
2163;57
2164;56
2165;56
2166;55
2167;55
2168;54
2169;54
2170;54
2171;54
2172;54
2173;54
2174;54
2175;54
2176;54
2177;54
2178;54
2179;55
2180;55
2181;55
2182;54
2183;54
2184;54
2185;53
2186;53
2187;53
2188;53
2189;53
2190;52
2191;52
2192;52
2193;52
2194;53
2195;53
2196;53
2197;53
2198;54
2199;54
2200;54
2201;55
2202;55
2203;55
2204;55
2205;55
2206;55
2207;54
2208;54
2209;53
2210;53
2211;52
2212;52
2213;52
2214;51
2215;51
2216;51
2217;51
2218;51
2219;51
2220;51
2221;51
2222;51
2223;51
2224;51
2225;52
2226;52
2227;52
2228;52
2229;52
2230;52
2231;51
2232;51
2233;51
2234;51
2235;51
2236;50
2237;50
2238;49
2239;49
2240;49
2241;49
2242;48
2243;48
2244;48
2245;48
2246;48
2247;48
2248;48
2249;48
2250;48
2251;48
2252;48
2253;48
2254;48
2255;48
2256;48
2257;48
2258;48
2259;48
2260;48
2261;48
2262;48
2263;48
2264;48
2265;47
2266;47
2267;47
2268;47
2269;48
2270;48
2271;48
2272;48
2273;49
2274;49
2275;49
2276;49
2277;49
2278;49
2279;49
2280;49
2281;49
2282;49
2283;49
2284;48
2285;48
2286;48
2287;48
2288;47
2289;47
2290;47
2291;47
2292;47
2293;47
2294;47
2295;47
2296;47
2297;47
2298;47
2299;47
2300;47
2301;47
2302;47
2303;47
2304;47
2305;47
2306;47
2307;47
2308;47
2309;47
2310;47
2311;47
2312;47
2313;46
2314;46
2315;46
2316;46
2317;46
2318;45
2319;45
2320;45
2321;45
2322;45
2323;45
2324;45
2325;45
2326;46
2327;46
2328;46
2329;46
2330;47
2331;47
2332;47
2333;48
2334;48
2335;48
2336;48
2337;48
2338;48
2339;48
2340;49
2341;49
2342;48
2343;48
2344;48
2345;48
2346;48
2347;48
2348;48
2349;47
2350;47
2351;46
2352;46
2353;45
2354;45
2355;45
2356;45
2357;45
2358;44
2359;44
2360;44
2361;44
2362;44
2363;44
2364;44
2365;44
2366;44
2367;44
2368;44
2369;44
2370;44
2371;44
2372;44
2373;44
2374;44
2375;44
2376;44
2377;44
2378;44
2379;44
2380;44
2381;45
2382;45
2383;45
2384;46
2385;46
2386;46
2387;46
2388;46
2389;46
2390;47
2391;47
2392;47
2393;47
2394;47
2395;46
2396;46
2397;46
2398;46
2399;46
2400;45
2401;45
2402;45
2403;45
2404;45
2405;45
2406;45
2407;45
2408;45
2409;45
2410;45
2411;45
2412;45
2413;45
2414;45
2415;45
2416;45
2417;46
2418;46
2419;46
2420;46
2421;46
2422;46
2423;46
2424;46
2425;46
2426;45
2427;45
2428;45
2429;45
2430;44
2431;44
2432;43
2433;43
2434;43
2435;42
2436;42
2437;42
2438;42
2439;41
2440;41
2441;41
2442;41
2443;41
2444;41
2445;41
2446;41
2447;41
2448;41
2449;41
2450;41
2451;41
2452;41
2453;41
2454;41
2455;41
2456;41
2457;41
2458;41
2459;41
2460;41
2461;41
2462;40
2463;40
2464;40
2465;40
2466;40
2467;40
2468;39
2469;39
2470;39
2471;39
2472;39
2473;39
2474;38
2475;38
2476;38
2477;38
2478;38
2479;38
2480;38
2481;38
2482;38
2483;38
2484;38
2485;38
2486;38
2487;38
2488;38
2489;38
2490;38
2491;38
2492;38
2493;38
2494;38
2495;38
2496;38
2497;38
2498;38
2499;37
2500;37
2501;37
2502;37
2503;37
2504;37
2505;37
2506;38
2507;38
2508;38
2509;38
2510;38
2511;38
2512;38
2513;38
2514;38
2515;38
2516;38
2517;38
2518;38
2519;38
2520;38
2521;38
2522;38
2523;39
2524;39
2525;39
2526;40
2527;40
2528;40
2529;40
2530;41
2531;41
2532;41
2533;41
2534;41
2535;41
2536;41
2537;40
2538;40
2539;40
2540;40
2541;39
2542;39
2543;38
2544;38
2545;38
2546;37
2547;37
2548;37
2549;37
2550;36
2551;36
2552;36
2553;35
2554;35
2555;35
2556;35
2557;35
2558;35
2559;35
2560;35
2561;36
2562;36
2563;36
2564;36
2565;36
2566;36
2567;36
2568;37
2569;37
2570;37
2571;37
2572;37
2573;37
2574;36
2575;36
2576;36
2577;36
2578;36
2579;36
2580;36
2581;36
2582;35
2583;35
2584;35
2585;34
2586;34
2587;34
2588;34
2589;34
2590;33
2591;33
2592;33
2593;33
2594;33
2595;34
2596;34
2597;34
2598;34
2599;34
2600;34
2601;34
2602;35
2603;35
2604;35
2605;35
2606;35
2607;35
2608;35
2609;35
2610;35
2611;34
2612;34
2613;34
2614;34
2615;34
2616;33
2617;33
2618;33
2619;33
2620;33
2621;33
2622;33
2623;33
2624;33
2625;34
2626;34
2627;34
2628;34
2629;34
2630;34
2631;34
2632;34
2633;34
2634;34
2635;34
2636;33
2637;33
2638;33
2639;33
2640;33
2641;32
2642;32
2643;32
2644;32
2645;32
2646;32
2647;32
2648;32
2649;32
2650;32
2651;32
2652;32
2653;32
2654;32
2655;32
2656;32
2657;33
2658;33
2659;33
2660;33
2661;32
2662;32
2663;32
2664;32
2665;31
2666;31
2667;31
2668;31
2669;30
2670;30
2671;30
2672;29
2673;29
2674;29
2675;28
2676;28
2677;28
2678;27
2679;27
2680;27
2681;27
2682;27
2683;27
2684;27
2685;27
2686;27
2687;28
2688;28
2689;28
2690;28
2691;29
2692;29
2693;29
2694;30
2695;30
2696;30
2697;31
2698;31
2699;31
2700;31
2701;31
2702;32
2703;32
2704;32
2705;32
2706;32
2707;32
2708;32
2709;32
2710;32
2711;32
2712;32
2713;32
2714;32
2715;32
2716;32
2717;32
2718;31
2719;31
2720;31
2721;32
2722;32
2723;31
2724;31
2725;31
2726;31
2727;31
2728;31
2729;31
2730;31
2731;31
2732;31
2733;31
2734;31
2735;31
2736;30
2737;30
2738;30
2739;30
2740;30
2741;30
2742;29
2743;29
2744;29
2745;29
2746;28
2747;28
2748;28
2749;28
2750;27
2751;27
2752;27
2753;27
2754;27
2755;27
2756;27
2757;27
2758;26
2759;27
2760;27
2761;27
2762;27
2763;27
2764;27
2765;27
2766;27
2767;27
2768;27
2769;27
2770;27
2771;27
2772;27
2773;27
2774;27
2775;27
2776;27
2777;27
2778;27
2779;27
2780;27
2781;27
2782;26
2783;26
2784;26
2785;26
2786;26
2787;26
2788;26
2789;26
2790;25
2791;25
2792;25
2793;25
2794;24
2795;24
2796;23
2797;23
2798;23
2799;22
2800;22
2801;22
2802;22
2803;22
2804;21
2805;21
2806;21
2807;21
2808;21
2809;21
2810;22
2811;22
2812;22
2813;22
2814;22
2815;22
2816;22
2817;22
2818;22
2819;22
2820;22
2821;21
2822;21
2823;21
2824;21
2825;21
2826;21
2827;21
2828;21
2829;21
2830;20
2831;20
2832;20
2833;20
2834;20
2835;20
2836;20
2837;20
2838;19
2839;19
2840;19
2841;19
2842;19
2843;19
2844;19
2845;19
2846;19
2847;19
2848;19
2849;20
2850;20
2851;20
2852;20
2853;20
2854;20
2855;19
2856;19
2857;19
2858;19
2859;19
2860;18
2861;18
2862;18
2863;18
2864;17
2865;17
2866;17
2867;17
2868;17
2869;17
2870;16
2871;16
2872;16
2873;16
2874;16
2875;16
2876;16
2877;16
2878;16
2879;16
2880;16
2881;16
2882;16
2883;16
2884;16
2885;16
2886;16
2887;16
2888;16
2889;16
2890;16
2891;16
2892;16
2893;16
2894;16
2895;16
2896;16
2897;16
2898;16
2899;16
2900;15
2901;15
2902;15
2903;15
2904;14
2905;14
2906;14
2907;14
2908;14
2909;14
2910;14
2911;14
2912;15
2913;15
2914;15
2915;15
2916;15
2917;15
2918;15
2919;15
2920;15
2921;15
2922;14
2923;14
2924;14
2925;14
2926;14
2927;14
2928;14
2929;13
2930;14
2931;14
2932;14
2933;14
2934;14
2935;14
2936;14
2937;14
2938;14
2939;14
2940;14
2941;14
2942;14
2943;14
2944;14
2945;14
2946;14
2947;14
2948;14
2949;14
2950;14
2951;14
2952;14
2953;15
2954;15
2955;15
2956;15
2957;15
2958;16
2959;16
2960;16
2961;16
2962;16
2963;16
2964;16
2965;16
2966;15
2967;15
2968;15
2969;14
2970;14
2971;14
2972;14
2973;14
2974;14
2975;14
2976;14
2977;14
2978;14
2979;14
2980;14
2981;14
2982;15
2983;15
2984;15
2985;15
2986;15
2987;15
2988;15
2989;15
2990;15
2991;16
2992;16
2993;16
2994;16
2995;16
2996;16
2997;16
2998;16
2999;16
3000;16
3001;16
3002;16
3003;16
3004;16
3005;16
3006;16
3007;16
3008;16
3009;17
3010;17
3011;17
3012;17
3013;18
3014;18
3015;18
3016;19
3017;19
3018;19
3019;19
3020;20
3021;20
3022;20
3023;20
3024;19
3025;19
3026;19
3027;19
3028;19
3029;18
3030;18
3031;18
3032;18
3033;18
3034;18
3035;18
3036;17
3037;17
3038;17
3039;17
3040;17
3041;17
3042;17
3043;17
3044;17
3045;17
3046;17
3047;17
3048;17
3049;17
3050;17
3051;17
3052;17
3053;17
3054;17
3055;18
3056;18
3057;18
3058;18
3059;18
3060;18
3061;18
3062;18
3063;19
3064;19
3065;19
3066;19
3067;19
3068;19
3069;19
3070;20
3071;20
3072;20
3073;20
3074;21
3075;21
3076;21
3077;21
3078;22
3079;22
3080;22
3081;22
3082;22
3083;22
3084;22
3085;21
3086;21
3087;21
3088;21
3089;21
3090;20
3091;20
3092;20
3093;20
3094;20
3095;19
3096;19
3097;19
3098;19
3099;19
3100;18
3101;18
3102;18
3103;18
3104;18
3105;18
3106;18
3107;17
3108;17
3109;17
3110;17
3111;17
3112;17
3113;17
3114;16
3115;16
3116;16
3117;16
3118;16
3119;16
3120;15
3121;15
3122;15
3123;15
3124;15
3125;15
3126;16
3127;16
3128;16
3129;16
3130;16
3131;16
3132;16
3133;16
3134;16
3135;16
3136;16
3137;16
3138;15
3139;15
3140;15
3141;14
3142;14
3143;13
3144;13
3145;13
3146;12
3147;12
3148;12
3149;12
3150;12
3151;12
3152;11
3153;12
3154;12
3155;12
3156;12
3157;12
3158;12
3159;12
3160;13
3161;13
3162;13
3163;13
3164;13
3165;13
3166;13
3167;13
3168;13
3169;13
3170;12
3171;12
3172;12
3173;12
3174;12
3175;11
3176;11
3177;11
3178;11
3179;11
3180;10
3181;10
3182;10
3183;10
3184;10
3185;10
3186;10
3187;10
3188;10
3189;9
3190;9
3191;9
3192;9
3193;9
3194;8
3195;8
3196;8
3197;8
3198;8
3199;8
3200;8
3201;7
3202;7
3203;7
3204;7
3205;7
3206;7
3207;7
3208;7
3209;7
3210;7
3211;7
3212;7
3213;7
3214;7
3215;7
3216;7
3217;7
3218;7
3219;7
3220;7
3221;7
3222;7
3223;7
3224;7
3225;7
3226;6
3227;6
3228;6
3229;6
3230;6
3231;6
3232;6
3233;6
3234;6
3235;6
3236;5
3237;5
3238;5
3239;5
3240;5
3241;5
3242;5
3243;5
3244;5
3245;4
3246;4
3247;4
3248;4
3249;4
3250;4
3251;4
3252;4
3253;4
3254;4
3255;4
3256;4
3257;4
3258;4
3259;4
3260;4
3261;4
3262;4
3263;4
3264;4
3265;4
3266;4
3267;4
3268;4
3269;4
3270;4
3271;4
3272;4
3273;4
3274;4
3275;4
3276;4
3277;4
3278;4
3279;4
3280;4
3281;4
3282;4
3283;4
3284;4
3285;4
3286;4
3287;4
3288;4
3289;4
3290;4
3291;4
3292;4
3293;4
3294;4
3295;3
3296;3
3297;3
3298;3
3299;3
3300;3
3301;3
3302;3
3303;3
3304;3
3305;3
3306;3
3307;3
3308;3
3309;3
3310;3
3311;3
3312;3
3313;4
3314;4
3315;4
3316;4
3317;4
3318;4
3319;4
3320;4
3321;3
3322;3
3323;3
3324;3
3325;3
3326;3
3327;3
3328;3
3329;3
3330;3
3331;3
3332;3
3333;2
3334;2
3335;2
3336;2
3337;2
3338;2
3339;2
3340;2
3341;2
3342;2
3343;2
3344;2
3345;2
3346;2
3347;2
3348;2
3349;2
3350;2
3351;2
3352;2
3353;2
3354;2
3355;2
3356;2
3357;2
3358;2
3359;2
3360;2
3361;2
3362;2
3363;2
3364;2
3365;2
3366;2
3367;2
3368;2
3369;2
3370;2
3371;2
3372;2
3373;2
3374;2
3375;2
3376;2
3377;2
3378;2
3379;2
3380;2
3381;2
3382;2
3383;2
3384;2
3385;2
3386;2
3387;2
3388;2
3389;2
3390;2
3391;2
3392;2
3393;2
3394;2
3395;2
3396;2
3397;2
3398;2
3399;2
3400;2
3401;2
3402;2
3403;2
3404;2
3405;2
3406;2
3407;2
3408;2
3409;2
3410;2
3411;2
3412;2
3413;2
3414;2
3415;2
3416;2
3417;2
3418;2
3419;2
3420;2
3421;2
3422;2
3423;2
3424;1
3425;1
3426;1
3427;1
3428;1
3429;1
3430;1
3431;1
3432;1
3433;1
3434;1
3435;1
3436;1
3437;1
3438;1
3439;1
3440;1
3441;1
3442;1
3443;1
3444;1
3445;1
3446;2
3447;2
3448;2
3449;2
3450;2
3451;2
3452;2
3453;2
3454;2
3455;2
3456;2
3457;2
3458;2
3459;2
3460;2
3461;2
3462;2
3463;2
3464;2
3465;2
3466;2
3467;1
3468;1
3469;1
3470;1
3471;1
3472;1
3473;1
3474;1
3475;1
3476;1
3477;1
3478;1
3479;1
3480;1
3481;1
3482;1
3483;1
3484;1
3485;1
3486;1
3487;1
3488;1
3489;1
3490;1
3491;1
3492;1
3493;1
3494;1
3495;2
3496;2
3497;2
3498;2
3499;2
3500;2
3501;2
3502;2
3503;2
3504;2
3505;2
3506;2
3507;2
3508;2
3509;2
3510;2
3511;1
3512;1
3513;1
3514;1
3515;1
3516;1
3517;1
3518;1
3519;1
3520;1
3521;1
3522;1
3523;1
3524;1
3525;1
3526;1
3527;1
3528;1
3529;1
3530;1
3531;1
3532;1
3533;1
3534;1
3535;1
3536;1
3537;1
3538;1
3539;1
3540;1
3541;1
3542;1
3543;1
3544;1
3545;1
3546;1
3547;1
3548;1
3549;1
3550;1
3551;1
3552;1
3553;1
3554;1
3555;1
3556;1
3557;1
3558;1
3559;1
3560;1
3561;2
3562;2
3563;2
3564;2
3565;2
3566;2
3567;2
3568;2
3569;2
3570;2
3571;2
3572;1
3573;1
3574;1
3575;1
3576;1
3577;1
3578;1
3579;1
3580;1
3581;1
3582;1
3583;1
3584;1
3585;1
3586;1
3587;1
3588;1
3589;1
3590;1
3591;1
3592;1
3593;1
3594;1
3595;1
3596;1
3597;1
3598;1
3599;1
3600;1
3601;1
3602;1
3603;1
3604;1
3605;1
3606;1
3607;1
3608;1
3609;1
3610;1
3611;1
3612;1
3613;1
3614;1
3615;1
3616;1
3617;1
3618;1
3619;1
3620;1
3621;1
3622;1
3623;1
3624;1
3625;1
3626;1
3627;1
3628;1
3629;1
3630;1
3631;1
3632;1
3633;1
3634;1
3635;1
3636;1
3637;1
3638;1
3639;1
3640;1
3641;1
3642;1
3643;1
3644;1
3645;1
3646;1
3647;1
3648;1
3649;1
3650;1
3651;1
3652;1
3653;1
3654;1
3655;1
3656;1
3657;1
3658;1
3659;1
3660;1
3661;1
3662;1
3663;1
3664;1
3665;1
3666;1
3667;1
3668;1
3669;1
3670;1
3671;1
3672;1
3673;1
3674;1
3675;1
3676;1
3677;1
3678;1
3679;1
3680;1
3681;1
3682;1
3683;1
3684;1
3685;1
3686;1
3687;1
3688;1
3689;1
3690;1
3691;1
3692;1
3693;1
3694;1
3695;1
3696;1
3697;1
3698;1
3699;1
3700;1
3701;1
3702;1
3703;1
3704;1
3705;1
3706;1
3707;1
3708;1
3709;1
3710;1
3711;1
3712;1
3713;1
3714;1
3715;1
3716;1
3717;1
3718;1
3719;1
3720;1
3721;1
3722;1
3723;1
3724;1
3725;1
3726;1
3727;1
3728;1
3729;1
3730;1
3731;1
3732;1
3733;1
3734;1
3735;1
3736;1
3737;1
3738;1
3739;1
3740;1
3741;1
3742;1
3743;1
3744;1
3745;1
3746;1
3747;1
3748;1
3749;1
3750;1
3751;1
3752;1
3753;1
3754;1
3755;1
3756;1
3757;1
3758;1
3759;1
3760;1
3761;1
3762;1
3763;1
3764;1
3765;1
3766;1
3767;1
3768;1
3769;1
3770;1
3771;1
3772;1
3773;1
3774;1
3775;1
3776;1
3777;1
3778;1
3779;1
3780;1
3781;1
3782;1
3783;1
3784;1
3785;1
3786;1
3787;1
3788;1
3789;1
3790;1
3791;1
3792;1
3793;1
3794;1
3795;1
3796;1
3797;1
3798;1
3799;1
3800;1
3801;1
3802;1
3803;1
3804;1
3805;1
3806;1
3807;1
3808;1
3809;1
3810;1
3811;1
3812;1
3813;1
3814;1
3815;1
3816;1
3817;1
3818;1
3819;1
3820;1
3821;1
3822;1
3823;1
3824;1
3825;1
3826;1
3827;1
3828;1
3829;1
3830;1
3831;1
3832;1
3833;1
3834;1
3835;1
3836;1
3837;1
3838;1
3839;1
3840;1
3841;1
3842;1
3843;1
3844;1
3845;1
3846;1
3847;1
3848;1
3849;1
3850;1
3851;1
3852;1
3853;1
3854;1
3855;1
3856;1
3857;1
3858;1
3859;1
3860;1
3861;1
3862;1
3863;1
3864;1
3865;1
3866;1
3867;1
3868;1
3869;1
3870;1
3871;1
3872;1
3873;1
3874;1
3875;1
3876;1
3877;1
3878;1
3879;1
3880;1
3881;1
3882;1
3883;1
3884;1
3885;1
3886;1
3887;1
3888;1
3889;1
3890;1
3891;1
3892;1
3893;1
3894;1
3895;1
3896;1
3897;1
3898;1
3899;1
3900;1
3901;1
3902;1
3903;1
3904;1
3905;1
3906;1
3907;1
3908;1
3909;1
3910;1
3911;1
3912;1
3913;1
3914;1
3915;1
3916;1
3917;1
3918;1
3919;1
3920;1
3921;1
3922;1
3923;1
3924;1
3925;1
3926;1
3927;1
3928;1
3929;1
3930;1
3931;1
3932;1
3933;1
3934;1
3935;1
3936;1
3937;1
3938;1
3939;1
3940;1
3941;1
3942;1
3943;1
3944;1
3945;1
3946;1
3947;1
3948;1
3949;1
3950;1
3951;1
3952;1
3953;1
3954;1
3955;1
3956;1
3957;1
3958;1
3959;1
3960;1
3961;1
3962;1
3963;1
3964;1
3965;1
3966;1
3967;1
3968;1
3969;1
3970;1
3971;1
3972;1
3973;1
3974;1
3975;1
3976;1
3977;1
3978;1
3979;1
3980;1
3981;1
3982;1
3983;1
3984;1
3985;1
3986;1
3987;1
3988;1
3989;1
3990;1
3991;1
3992;1
3993;1
3994;1
3995;1
3996;1
3997;1
3998;1
3999;1
4000;1
